{"cameraMode":{"drawMode":0,"name":"Shaded","section":"Shading Mode"},"sceneLighting":true,"audioPlay":false,"sceneViewState":{"showFog":true,"showMaterialUpdate":false,"showSkybox":true,"showFlares":true,"showImageEffects":true,"showParticleSystems":true},"in2DMode":false,"pivot":{"x":44.34095764160156,"y":-253.12030029296876,"z":164.22206115722657},"rotation":{"x":0.6487000584602356,"y":-0.005707571282982826,"z":0.004865558817982674,"w":0.7610085606575012},"size":907.8370971679688,"orthographic":false}